{"cameraMode":{"drawMode":0,"name":"Shaded","section":"Shading Mode"},"sceneLighting":true,"audioPlay":false,"sceneViewState":{"showFog":true,"showMaterialUpdate":false,"showSkybox":true,"showFlares":true,"showImageEffects":true,"showParticleSystems":true},"in2DMode":false,"pivot":{"x":65.99409484863281,"y":83.50294494628906,"z":-29.007532119750978},"rotation":{"x":0.41187289357185366,"y":-0.563389241695404,"z":0.38369986414909365,"w":0.6047568917274475},"size":33.917171478271487,"orthographic":false}